{
  "version": 1,
  "author": "Daniel Cunha",
  "editor": "wokwi",
  "parts": [
    { "type": "wokwi-esp32-devkit-v1", "id": "esp", "top": 0, "left": 0, "attrs": {} },
    {
      "type": "wokwi-led",
      "id": "led1",
      "top": -132.04,
      "left": -243.17,
      "attrs": { "color": "red" }
    },
    {
      "type": "wokwi-led",
      "id": "led2",
      "top": -102.03999999999999,
      "left": -213.17,
      "attrs": { "color": "red" }
    },
    {
      "type": "wokwi-led",
      "id": "led3",
      "top": -102.04,
      "left": -213.17,
      "attrs": { "color": "orange" }
    },
    {
      "type": "wokwi-led",
      "id": "led4",
      "top": -72.04,
      "left": -183.17,
      "attrs": { "color": "yellow" }
    },
    {
      "type": "wokwi-led",
      "id": "led5",
      "top": -42.04,
      "left": -153.17,
      "attrs": { "color": "green" }
    },
    {
      "type": "wokwi-pushbutton",
      "id": "btn1",
      "top": -86.38,
      "left": 181.16,
      "attrs": { "color": "red" }
    },
    {
      "type": "wokwi-pushbutton",
      "id": "btn2",
      "top": -18.37,
      "left": 183.83,
      "attrs": { "color": "blue" }
    },
    {
      "type": "wokwi-resistor",
      "id": "r1",
      "top": -57.71,
      "left": -245.5,
      "rotate": 90,
      "attrs": { "value": "1000" }
    },
    {
      "type": "wokwi-resistor",
      "id": "r2",
      "top": -25.91,
      "left": -212.35,
      "rotate": 90,
      "attrs": { "value": "1000" }
    },
    {
      "type": "wokwi-resistor",
      "id": "r3",
      "top": -1.38,
      "left": -183.75,
      "rotate": 90,
      "attrs": { "value": "1000" }
    },
    {
      "type": "wokwi-resistor",
      "id": "r4",
      "top": 26.2,
      "left": -154.92,
      "rotate": 90,
      "attrs": { "value": "1000" }
    },
    {
      "type": "wokwi-buzzer",
      "id": "bz1",
      "top": 65.45,
      "left": 188.27,
      "attrs": { "volume": "0.1" }
    },
    {
      "type": "wokwi-photoresistor-sensor",
      "id": "ldr1",
      "top": -155.33,
      "left": -116.91,
      "attrs": {}
    }
  ],
  "connections": [
    [ "esp:TX0", "$serialMonitor:RX", "", [] ],
    [ "esp:RX0", "$serialMonitor:TX", "", [] ],
    [ "led1:C", "esp:GND.2", "black", [ "v0" ] ],
    [ "led3:C", "esp:GND.2", "black", [ "v0" ] ],
    [ "led4:C", "esp:GND.2", "black", [ "v0" ] ],
    [ "led5:C", "esp:GND.2", "black", [ "v0" ] ],
    [ "led1:A", "r1:1", "green", [ "v0" ] ],
    [ "led3:A", "r2:1", "green", [ "v0" ] ],
    [ "led4:A", "r3:1", "green", [ "v0" ] ],
    [ "led5:A", "r4:1", "green", [ "v0" ] ],
    [ "ldr1:VCC", "esp:3V3", "red", [ "h80.99", "v297.83" ] ],
    [ "ldr1:GND", "esp:GND.1", "black", [ "h67.53", "v278.33" ] ],
    [ "ldr1:AO", "esp:D14", "green", [ "v32.33", "h-66.41", "v197.5" ] ],
    [ "r4:2", "esp:D27", "green", [ "h41.66", "v44.8" ] ],
    [ "r3:2", "esp:D26", "green", [ "h79.66", "v62.58" ] ],
    [ "r2:2", "esp:D25", "green", [ "h114.99", "v77.41" ] ],
    [ "r1:2", "esp:D33", "green", [ "h154.26", "v99.61" ] ],
    [ "bz1:1", "esp:GND.1", "black", [ "v0" ] ],
    [ "bz1:2", "esp:D2", "green", [ "v-8.92", "h-120.97" ] ],
    [ "btn2:2.l", "esp:GND.1", "black", [ "v134.96", "h-82.53" ] ],
    [ "btn1:2.l", "esp:GND.1", "black", [ "h-8.04", "v203.75", "h-71.82" ] ],
    [ "btn1:1.l", "esp:D19", "green", [ "h-65.31", "v145.58" ] ],
    [ "btn2:1.l", "esp:D18", "green", [ "h-37.8", "v87.07" ] ]
  ]
}